W_EDA,W_TEMP,W_BVP,W_ACCx,W_ACCy,W_ACCz,C_ECG,C_RESP,C_EMG,C_EDA,C_TEMP,C_ACCx,C_ACCy,C_ACCz
0.427511,34.18,18.608125,58.0,-10.0,-22.0,0.026157400948660713,-0.8907819475446429,-0.0009769984654017857,0.8983394077845982,34.512596,0.7096434327534267,0.024183998789106098,-0.6156765726634434
0.426232,34.18,-3.6812499999999995,58.0,-10.0,-22.25,-0.1057891845703125,-0.3068760463169643,-0.0018865094866071428,0.8976048060825893,34.51497,0.7100868572507586,0.02362971237727574,-0.6143782891545977
0.42879,34.16,-30.3575,58.0,-10.0,-22.0,0.05873291015625,0.30978829520089285,-0.002454136439732143,0.8977225167410714,34.50999,0.7085691438402448,0.025346287318638392,-0.6167131434168135
0.426232,34.16,15.27,58.0,-10.0,-22.0,0.03448896135602678,0.986572265625,-0.0033673095703125,0.89764404296875,34.51192,0.7103874356406076,0.02466057300567627,-0.6145062858717782
0.427511,34.16,18.805,58.0,-10.0,-22.0,-0.0058172607421875,1.7369820731026786,-0.0021263776506696428,0.8973279680524554,34.51051,0.7100788572856358,0.026733713831220356,-0.6120057140077864
0.427511,34.16,-7.522499999999999,58.0,-10.0,-22.0,-0.06398829868861607,2.3697684151785716,-0.0015859549386160715,0.8980124337332589,34.507877,0.7080297143118722,0.025346283231462752,-0.6159942851747785
0.426232,34.16,-18.944375,58.0,-10.0,-22.0,0.0739837646484375,2.3285958426339284,-0.001895664760044643,0.8972189767020089,34.50716,0.7080811411993844,0.025413712092808315,-0.6173485725266593
0.427511,34.16,20.135,58.0,-10.0,-22.0,0.033646676199776786,1.51287841796875,-0.004271589006696428,0.8967176164899554,34.50575,0.7084194278717041,0.023722284861973354,-0.6163439982278006
0.427511,34.16,14.496875000000001,58.0,-10.0,-22.0,-0.04470179966517857,0.6288016183035714,-0.0017999267578125,0.8968636648995536,34.507526,0.7074262843813215,0.02456456729343959,-0.6159234288760594
0.427511,34.16,-15.6825,58.125,-10.0,-22.0,-0.03577933175223214,0.09353201729910714,-0.0008271135602678572,0.8971819196428571,34.50621,0.7071577160699027,0.02343428066798619,-0.6186377198355538
0.427511,34.18,-5.17125,58.0,-10.0,-22.0,0.0465985107421875,-0.3711635044642857,-0.0025545828683035715,0.8973061697823661,34.500313,0.7073028591700963,0.0233862829208374,-0.6172491431236267
0.427511,34.18,14.548124999999999,58.0,-10.0,-22.0,0.006464407784598215,-0.7126988002232143,-0.002665492466517857,0.8978685651506696,34.499866,0.7081245708465577,0.0239977080481393,-0.61702171257564
0.426232,34.18,-0.18437499999999996,58.125,-10.0,-22.0,-0.060618896484375,-0.7361101422991071,-0.0029236711774553573,0.8993246895926339,34.506798,0.7072205761500767,0.023562285559517997,-0.6173017154421125
0.42879,34.18,-29.3675,58.0,-10.0,-22.0,0.02083347865513393,-0.6271449497767857,-0.003732735770089286,0.8970903669084821,34.50071,0.7109474291120257,0.025862858636038644,-0.6175199999128069
0.430069,34.18,12.009999999999998,58.5,-10.0,-21.5,0.07162353515625,-0.7557809012276786,-0.002201974051339286,0.8992549351283482,34.5017,0.7069497231074742,0.030207997730800084,-0.6119565725326538
0.430069,34.18,14.944375,58.125,-10.0,-21.375,-0.036756068638392855,-1.56317138671875,-0.0024481201171875,0.8970772879464286,34.496765,0.7085668570654733,0.029449143409729005,-0.6133154313904898
0.422394,34.18,-7.471875,58.0,-10.0,-22.0,-0.11579432896205358,-3.357631138392857,-0.0036838204520089285,0.8964080810546875,34.4944,0.7111097179140363,0.025749711309160504,-0.6149188559395926
0.427511,34.18,-24.055,58.125,-9.5,-22.0,0.08842607770647322,-4.065891810825893,-0.0016756766183035714,0.8964102608816964,34.495358,0.713237716129848,0.027455999510628836,-0.6111097134862628
0.427511,34.16,13.196875000000002,58.0,-9.5,-22.0,0.032904052734375,-3.102809361049107,-0.0033487374441964284,0.8982173374720982,34.493656,0.7132080084936959,0.021022860663277763,-0.6110171406609671
0.42879,34.16,11.55375,58.125,-10.125,-22.0,-0.09077532087053572,-1.0655953543526786,-0.002189156668526786,0.8960680280412946,34.48801,0.7084102903093611,0.0271188599722726,-0.6150948568752834
0.42879,34.16,-14.14875,58.0,-11.0,-22.0,0.0765362548828125,1.5751168387276786,-0.0018974958147321428,0.8971688406808036,34.489307,0.7048000022343227,0.029093715803963797,-0.6212274285725184
0.427511,34.16,-1.5500000000000003,58.0,-10.875,-22.0,0.03605922154017857,3.869785853794643,-0.0025956508091517856,0.8982740129743304,34.48864,0.7037097202028547,0.030222860063825335,-0.6183257140432086
0.42879,34.16,14.699375,58.0,-10.625,-22.0,-0.07835396902901785,5.688249860491071,-0.0009945242745535714,0.8959699358258929,34.48701,0.7066971465519496,0.029147429466247557,-0.6153965697969709
0.42879,34.16,-0.701875,58.0,-10.0,-22.0,0.06634381975446428,6.439139229910714,-0.002036655970982143,0.8975786481584821,34.4892,0.7073462874548776,0.028786288670131138,-0.617889142036438
0.42879,34.16,-11.634375,58.0,-9.25,-22.0,0.020706874302455356,5.36773681640625,-0.0035634940011160716,0.8982587541852679,34.486294,0.7093382869447981,0.02241485391344343,-0.6156331443786621
0.430069,34.16,9.268125,58.25,-9.75,-22.0,-0.06814950125558036,3.1346522739955356,-0.002421962193080357,0.8982587541852679,34.486423,0.7061051450456892,0.024721144267490933,-0.6189588526317051
0.430069,34.18,-9.383125,58.125,-10.0,-21.875,0.0560614013671875,0.6697649274553571,-0.002011805943080357,0.8974631173270089,34.486217,0.7020800011498588,0.026450285911560057,-0.6247679999896458
0.430069,34.18,-17.74625,58.0,-10.0,-22.0,-0.008065534319196429,-1.3300694056919642,-0.0025545828683035715,0.8985704694475446,34.48999,0.7030114316940308,0.02429828439440046,-0.6234297135898045
0.42879,34.18,14.201875000000001,58.0,-10.0,-21.875,-0.05423427036830357,-2.2768467494419644,-0.0015843854631696428,0.8993072509765625,34.48751,0.7036902870450701,0.026292568615504674,-0.6221714268411909
0.42879,34.18,3.0900000000000003,58.25,-10.0,-21.875,0.035076468331473216,-2.4255458286830356,-0.002057582310267857,0.8980625697544643,34.489758,0.7032857172829764,0.024379428454807825,-0.6243234283583505
0.430069,34.18,-5.011875,58.0,-10.0,-21.875,0.029746268136160714,-2.342014857700893,-0.0024135916573660714,0.8963710239955357,34.48798,0.7017988586425781,0.024209139006478447,-0.623653712613242
0.431348,34.18,17.219375,58.125,-10.0,-21.75,-0.0012132045200892857,-2.0886928013392856,-0.002523193359375,0.8970424107142857,34.488277,0.7031428616387504,0.024805707931518553,-0.6230582894597735
0.430069,34.18,-0.5625000000000002,58.125,-10.0,-21.875,0.0112060546875,-1.6085117885044642,-0.00147216796875,0.8998587472098214,34.488438,0.7031531429290772,0.024929139273507255,-0.6229428563799176
0.430069,34.18,-14.056875,58.25,-10.0,-21.75,-0.13136744907924108,-0.9988054547991071,-0.0015469796316964286,0.89776611328125,34.48785,0.7013702876227242,0.02535771301814488,-0.6237348546300615
0.430069,34.16,19.18375,58.0,-10.0,-21.75,0.0796563720703125,-0.09279087611607142,-0.0025642613002232143,0.8972255161830357,34.48896,0.7039714343207223,0.026543995993477957,-0.6208560000147139
0.42879,34.16,9.729375,58.0,-10.0,-22.0,0.0356524658203125,1.1010219029017858,-0.002371738978794643,0.8977682931082589,34.488625,0.7044994327000209,0.02649371419634138,-0.6209520019803728
0.42879,34.16,0.9924999999999999,58.125,-10.0,-21.875,0.0315380859375,2.3329903738839284,-0.003422764369419643,0.8996909005301339,34.489655,0.704843429837908,0.027594283648899622,-0.6203097149303981
0.430069,34.16,-15.446875000000002,58.0,-10.0,-21.75,-0.08462454659598215,3.2044241768973216,-0.002101004464285714,0.8963492257254464,34.487835,0.7034514318193709,0.028827428136553084,-0.6174765695844378
0.427511,34.18,-15.54625,58.0,-10.0,-21.625,0.0577789306640625,3.5250156947544644,-0.0029464285714285716,0.8974936349051339,34.491142,0.7068079996109009,0.027322287559509276,-0.6203142857551575
0.426232,34.18,10.816875,58.0,-10.0,-22.0,0.028235909598214287,2.836704799107143,-0.0023704310825892858,0.8978925432477679,34.494446,0.7082125772748674,0.02489257267543248,-0.6167108583450317
0.427511,34.18,10.075625,58.125,-10.0,-21.75,-0.010261753627232143,1.3051845005580358,-0.0022323172433035715,0.8981650216238839,34.49337,0.7082902860641479,0.02524228232247489,-0.6172354251997811
0.427511,34.18,-9.29875,58.375,-10.0,-21.625,-0.05864501953125,-0.20375279017857142,-0.0030343191964285715,0.8985268729073661,34.49523,0.7047737169265748,0.025002288137163434,-0.6204777155603681
0.427511,34.18,-14.581875,58.0,-10.0,-21.625,0.054968523297991075,-1.3797258649553572,-0.003503853934151786,0.8979208809988839,34.49408,0.7052799987792969,0.024158853122166226,-0.6207874284471784
0.42879,34.18,12.003125,58.0,-10.0,-21.875,0.01307399204799107,-2.2330845424107144,-0.002289341517857143,0.8983306884765625,34.49308,0.7058800077438354,0.023167997087751115,-0.6207862830162049
0.427511,34.18,5.873125,58.5,-10.0,-21.375,-0.010579833984375,-2.5994785853794644,-0.002128993443080357,0.8980800083705357,34.494396,0.7057108586175102,0.023862859180995396,-0.6197039958408901
0.426232,34.18,-17.126250000000002,58.25,-10.0,-21.625,-0.07702933175223214,-2.5519321986607144,-0.0022004045758928573,0.8979012625558036,34.49256,0.7052845750536237,0.023187427520751952,-0.6220114278793335
0.427511,34.18,-13.72875,58.125,-10.0,-21.0,0.06883954729352679,-2.2750418526785716,-0.002624947684151786,0.8979971749441964,34.492996,0.704027430670602,0.02373371124267578,-0.6223108553886414
0.42879,34.18,9.3025,58.0,-10.0,-21.375,0.019426182338169642,-2.0519321986607144,-0.0023659842354910713,0.8979862758091518,34.48913,0.7065954337801252,0.023002284594944546,-0.6194114262717111
0.42879,34.18,4.916875,58.25,-10.0,-21.25,-0.015495954241071428,-1.6129324776785714,-0.002846766880580357,0.8983219691685268,34.488068,0.7060251467568534,0.024666288239615305,-0.6192994294847761
0.427511,34.18,-18.84875,58.375,-10.0,-21.25,-0.07351239885602678,-0.7294485909598214,-0.0020353480747767856,0.8978031703404018,34.4889,0.7054537207739694,0.02523542812892369,-0.6203554313523428
0.424952,34.16,-10.010625,58.375,-10.0,-21.0,0.07055498395647321,0.4943760463169643,-0.002684326171875,0.9000723702566964,34.487614,0.7040068599155971,0.0268685701915196,-0.6210171440669469
0.426232,34.16,16.925624999999997,58.375,-10.0,-21.0,0.021094796316964287,1.5378592354910714,-0.0014164515904017856,0.9003579275948661,34.48933,0.7030560003008162,0.02761828695024763,-0.6225154277256557
0.426232,34.16,8.243125,58.375,-10.0,-21.0,-0.014865025111607142,2.401942661830357,-0.002427455357142857,0.8977290562220982,34.487064,0.7019302865437099,0.02836229051862444,-0.6217234257289341
0.426232,34.16,-15.7725,58.5,-10.0,-21.5,-0.04625819614955357,2.8397042410714284,-0.0013594273158482142,0.9000418526785714,34.48716,0.7016868618556431,0.028096002170017786,-0.6244457149505616
0.42879,34.16,-7.1925,58.75,-10.0,-21.125,0.05957179478236607,2.4076363699776784,-0.0030824497767857144,0.8989475795200893,34.486,0.7038160037994384,0.026103996549333843,-0.6226594284602573
0.42879,34.16,19.4325,58.125,-10.0,-21.25,0.013480486188616072,1.0064522879464286,-0.0028878348214285716,0.8975612095424107,34.486942,0.7051017154966082,0.024108572687421528,-0.6213828560284206
0.42879,34.16,12.533125000000002,58.625,-10.0,-21.25,-0.027789655412946427,-0.37886265345982145,-0.0025124686104910712,0.8975917271205357,34.486782,0.7057200029918126,0.024455998284476144,-0.6203531428745814
0.427511,34.16,-13.926875,58.25,-10.0,-21.25,-0.053061610630580354,-1.3357456752232142,-0.002641165597098214,0.8981977190290179,34.487484,0.7044868605477469,0.0227268580027989,-0.6227782889774868
0.430069,34.16,-6.2737500000000015,58.5,-10.0,-21.0,0.05744149344308036,-1.9263741629464286,-0.0025046212332589285,0.8985944475446429,34.48427,0.705019428389413,0.024444569178989954,-0.6217405700683594
0.42879,34.16,19.5425,58.625,-10.0,-21.0,0.02837533133370536,-2.156520298549107,-0.003426426478794643,0.8984898158482143,34.484974,0.7059725727353777,0.02234971387045724,-0.6217725723130363
0.427511,34.16,8.391250000000001,58.625,-10.0,-21.0,-0.06153285435267857,-1.9466378348214286,-0.0028580147879464285,0.8992789132254464,34.48251,0.7057142843518939,0.02374514034816197,-0.6219874266215734
0.424952,34.16,-26.66125,58.25,-10.0,-21.0,-0.019799979073660715,-1.2562953404017858,-0.0027915736607142857,0.8986162458147321,34.4825,0.7054000064304897,0.024877711704799108,-0.6210068576676505
0.427511,34.15,-3.335,58.75,-10.0,-21.0,0.05116280691964286,0.0005231584821428571,-0.002104404994419643,0.8990587506975446,34.482697,0.7048960052217756,0.026313139370509556,-0.620610282080514
0.426232,34.15,21.53875,58.5,-10.0,-21.125,0.001187831333705357,1.6694248744419642,-0.0027667236328125,0.9034336635044643,34.483578,0.7054205710547311,0.027047995839800155,-0.6193051423345294
0.427511,34.15,2.486875,58.375,-10.0,-21.0,-0.04400913783482143,3.2716500418526784,-0.0026027134486607145,0.8993704659598214,34.484653,0.7044502864565169,0.028870862552097865,-0.6164617150170463
0.42879,34.15,-27.104375,58.375,-10.0,-21.0,0.06742885044642857,4.059221540178571,-0.002007359095982143,0.9005126953125,34.48683,0.7071394259589059,0.027409142085484096,-0.618692570073264
0.427511,34.18,10.814375,58.5,-10.0,-21.0,0.0357843017578125,3.2871878487723216,-0.003130580357142857,0.8992331368582589,34.48723,0.7090434306008475,0.02384342874799456,-0.6162982858930315
0.430069,34.18,20.29,58.875,-10.0,-21.0,-0.049990147181919645,1.3399135044642858,-0.001822422572544643,0.8987535749162946,34.487343,0.7075085721697126,0.025110858508518765,-0.6174228531973702
0.42879,34.18,-5.74,58.5,-10.0,-21.0,-0.008247331891741072,-0.6717354910714286,-0.0027005440848214286,0.8995252336774554,34.487904,0.7056857184001377,0.02288342475891113,-0.6207931433405195
0.430069,34.18,-9.876249999999999,58.625,-10.0,-21.0,0.03150355747767857,-2.29736328125,-0.0022838483537946427,0.9011099679129464,34.486725,0.7045714317049299,0.023389708655221123,-0.6208422858374459
0.430069,34.16,17.429375,58.375,-10.0,-21.0,-0.009404296875,-3.3292672293526784,-0.003069893973214286,0.899261474609375,34.486427,0.7070320020403181,0.023234282902308872,-0.6197851416042873
0.430069,34.16,5.854375,58.625,-10.0,-21.0,-0.08816031319754464,-3.416748046875,-0.0018684605189732142,0.8996930803571429,34.487766,0.7043782874516078,0.023956568581717356,-0.621237712928227
0.427511,34.16,-26.099999999999998,58.375,-10.0,-21.0,0.06660330636160715,-2.626255580357143,-0.0029935128348214284,0.8997344970703125,34.486145,0.7052800035476685,0.025781711850847516,-0.6223200004441397
0.42879,34.16,11.793125,58.25,-10.0,-21.0,0.02305873325892857,-1.1039603097098214,-0.003289620535714286,0.9002576555524554,34.486862,0.7051931476593017,0.025999999046325682,-0.6200800016948155
0.427511,34.16,14.584999999999999,58.625,-10.0,-21.0,-0.0274713134765625,0.8562098911830357,-0.002971278599330357,0.9000919886997768,34.486366,0.7058548539025443,0.028229713439941406,-0.6184811401367187
0.427511,34.16,-13.569374999999999,58.5,-10.0,-21.0,-0.0232232666015625,2.7379935128348216,-0.0026495361328125,0.9018794468470982,34.48822,0.7041097198213849,0.02822972025190081,-0.6208091422489711
0.430069,34.16,-11.24625,59.0,-10.0,-21.0,0.05940464564732143,3.795811244419643,-0.002146780831473214,0.9005780901227679,34.488724,0.706155424118042,0.027217146328517367,-0.6180651436533247
0.426232,34.16,17.865000000000002,58.625,-10.0,-21.0,0.0054471261160714286,3.241428920200893,-0.0021742466517857143,0.8982478550502232,34.486843,0.7099348606382098,0.024063999993460518,-0.6157462848935809
0.430069,34.18,11.280625,58.625,-10.0,-21.0,-0.03793134416852679,1.3561488560267858,-0.0027559988839285714,0.9011971609933036,34.4897,0.7087051425661359,0.02458742618560791,-0.6167382836341858
0.427511,34.18,-19.0075,58.5,-10.0,-21.0,0.031872122628348216,-0.67608642578125,-0.0027010672433035714,0.8994206019810268,34.493286,0.708601142338344,0.022933711324419292,-0.6170731452533177
0.427511,34.18,0.5918749999999999,58.875,-10.0,-21.0,0.025370309012276784,-2.1531197684151784,-0.002374093191964286,0.8991655622209821,34.489536,0.7081394256864275,0.022350856917245046,-0.6176571420260838
0.427511,34.18,16.375625,58.625,-10.0,-21.0,-0.028746773856026787,-2.97808837890625,-0.0016605050223214286,0.8992483956473214,34.49495,0.7081588588442121,0.02215428488595145,-0.6176228557314192
0.42879,34.15,-3.1712499999999997,59.0,-10.0,-21.0,-0.05661019461495536,-3.2484043666294644,-0.0028789411272321427,0.8999394008091518,34.49406,0.7070354277747019,0.023712001528058732,-0.6175382872990199
0.426232,34.15,-22.20375,58.75,-10.0,-21.0,0.03546465192522322,-2.969813755580357,-0.002269199916294643,0.9004015241350446,34.491383,0.7075211415972028,0.023229712077549525,-0.6186994297163827
0.426232,34.15,11.996875,58.5,-10.0,-21.0,0.019799979073660715,-2.347324916294643,-0.0015938023158482142,0.8999197823660714,34.489304,0.7065920012337821,0.024477712086268835,-0.6182251446587699
0.427511,34.15,12.670000000000002,58.75,-10.0,-21.0,0.007320295061383928,-1.08343505859375,-0.0036571393694196427,0.89984130859375,34.492237,0.7060960047585624,0.02558514254433768,-0.6201565725462778
0.430069,34.18,-9.499375,58.5,-10.0,-21.0,-0.07475045340401786,0.8480137416294643,-0.0027476283482142858,0.9000614711216518,34.493393,0.7069542871202741,0.026060568945748465,-0.6155017157963344
0.42879,34.18,-22.985,58.75,-10.0,-21.0,0.06930803571428572,2.8303658621651784,-0.004002685546875,0.8995906284877232,34.491936,0.7064422866276332,0.027828574180603027,-0.6162982838494437
0.42879,34.18,14.336875,58.75,-10.0,-21.0,0.04670340401785714,3.8820713588169644,-0.0017036655970982142,0.8995819091796875,34.494946,0.708107431275504,0.025583998816353933,-0.6156411426407951
0.42879,34.18,10.7925,58.625,-10.0,-21.0,-0.03983250209263393,3.4667881556919644,-0.0022268240792410712,0.8987949916294643,34.4959,0.7113371433530535,0.02463085515158517,-0.6130365719114031
0.42879,34.18,-10.758125,58.875,-10.0,-21.0,-0.004541277204241072,1.8213936941964286,-0.0028227015904017856,0.8996429443359375,34.49584,0.7119497190202986,0.02271542753492083,-0.6134994282041277
0.431348,34.18,-13.80375,58.75,-10.0,-21.0,0.03408429827008928,-0.09427315848214286,-0.0016869245256696428,0.8977922712053571,34.497364,0.7111485706056867,0.021891428402491978,-0.6134822828429086
0.427511,34.18,16.373124999999998,58.625,-10.0,-21.0,-0.0066093226841517855,-1.5567714146205358,-0.003060738699776786,0.8989846365792411,34.494366,0.7101771477290563,0.02232457160949707,-0.6148480006626674
0.42879,34.18,7.66,58.625,-10.0,-21.0,-0.07563485281808036,-2.405787876674107,-0.0030306570870535714,0.9015742710658482,34.49668,0.7091577155249459,0.022373715809413365,-0.6141234305926732
0.426232,34.16,-20.8875,58.75,-10.0,-21.0,0.06120692661830357,-2.7761928013392856,-0.0023678152901785714,0.8986424037388393,34.496807,0.710128002847944,0.021591997827802387,-0.6168628559793745
0.427511,34.16,9.686875,58.875,-10.0,-21.0,0.029524448939732145,-2.7400599888392856,-0.0026589529854910716,0.8986445835658482,34.496555,0.7101771381923131,0.021042284284319198,-0.6157588618142265
0.422394,34.16,6.4193750000000005,58.75,-10.0,-21.0,-0.05344874790736607,-2.2084786551339284,-0.0024269321986607143,0.8996255057198661,34.49688,0.7093119995934623,0.02302171434674944,-0.615304000377655
0.426232,34.16,-14.5975,58.75,-10.0,-21.0,-0.026880144391741072,-1.1072736467633928,-0.0027803257533482143,0.899810791015625,34.495407,0.7093405737195696,0.024554285321916853,-0.6159108550207956
0.427511,34.15,-14.211250000000001,58.75,-10.0,-21.0,0.05438180106026786,0.58251953125,-0.003830043247767857,0.8997366768973214,34.497684,0.7087679992403303,0.02552342414855957,-0.6156262850761414
0.427511,34.15,19.796875,58.875,-10.0,-21.0,0.012981654575892856,2.251926967075893,-0.0023897879464285714,0.8994271414620536,34.49871,0.7075931446892875,0.026679999487740653,-0.6159645700454712
0.42879,34.15,9.65625,58.625,-10.0,-21.0,-0.06143842424665179,3.607570103236607,-0.002057059151785714,0.9013584681919643,34.500984,0.7078960037231445,0.027253706795828683,-0.6126068585259574
0.427511,34.15,-19.36,58.75,-10.0,-21.0,0.06332676478794642,4.362479073660714,-0.0023275320870535716,0.9001181466238839,34.50199,0.70796685559409,0.02746171406337193,-0.6162011463301522
0.427511,34.18,9.36875,58.625,-10.0,-21.0,0.033768310546875,4.013410295758929,-0.0022676304408482144,0.9001813616071429,34.504734,0.7110388612747193,0.024781710079738072,-0.6122457102366856
0.431348,34.18,14.305,58.5,-10.0,-21.0,-0.04548627580915179,2.5837315150669644,-0.003763340541294643,0.9008854457310268,34.503784,0.7136285734176636,0.024427430289132253,-0.6094845686640058
0.426232,34.18,-5.08125,58.625,-10.0,-21.0,0.006116768973214286,0.780029296875,-0.0030743408203125,0.9012124197823661,34.50626,0.7126525674547468,0.02216685908181327,-0.6114514286177499
0.424952,34.18,-8.705625000000001,58.75,-10.0,-21.0,0.03251717703683036,-0.9095110212053571,-0.002966831752232143,0.900482177734375,34.505817,0.7120308637619018,0.022104001726422993,-0.612014855997903
0.426232,34.15,13.6675,58.875,-10.0,-21.0,-0.016563982282366073,-2.2349155970982144,-0.0026356724330357144,0.9010053362165179,34.50623,0.7111405740465436,0.02190171446119036,-0.6134914309637887
0.427511,34.15,3.59875,58.75,-10.0,-21.0,-0.04937595912388393,-3.03948974609375,-0.0030243791852678573,0.9037540980747768,34.50849,0.7097474316188267,0.0211257198878697,-0.6158674325261797
0.426232,34.15,-18.34875,58.75,-10.0,-21.0,0.051542619977678575,-3.2967703683035716,-0.0031002371651785714,0.9005759102957589,34.506256,0.7095691469737462,0.02079200199672154,-0.6157519977433341
0.42879,34.15,10.148125,59.0,-10.0,-21.0,0.02871800013950893,-3.304539271763393,-0.00279052734375,0.9008418491908482,34.50491,0.7097280011858259,0.020953138896397182,-0.6155428600311279
0.421115,34.13,6.4025,58.625,-10.0,-21.0,-0.05900390625,-2.941074916294643,-0.0026780482700892857,0.8999241420200893,34.504173,0.7099177183423724,0.02126286097935268,-0.6151302865573338
0.42879,34.13,-17.404375,58.875,-10.0,-21.0,-0.026867327008928573,-2.11737060546875,-0.001833408900669643,0.8994947160993304,34.503807,0.709121139390128,0.022473146574837823,-0.6166445711680821
0.42879,34.13,-7.606875,58.875,-10.0,-21.0,0.052685721261160716,-0.87432861328125,-0.0026796177455357144,0.9016701834542411,34.5044,0.7090674298150199,0.024046854972839357,-0.616805715901511
0.427511,34.13,13.82125,58.375,-10.0,-21.0,0.006195765904017857,0.6177891322544643,-0.001211635044642857,0.9014892578125,34.502377,0.7077337196895055,0.025011426380702428,-0.6170137160164969
0.427511,34.15,0.3712500000000001,58.75,-10.0,-21.0,-0.04474025181361607,2.1596854073660716,-0.0017831856863839285,0.9018576485770089,34.502796,0.7068868603025164,0.02710400104522705,-0.6160285690852574
0.426232,34.15,-26.725625,58.75,-10.0,-21.0,0.04215611049107143,3.459010532924107,-0.0015168980189732143,0.9008810860770089,34.501003,0.7059325701849801,0.026585142953055245,-0.616750853402274
0.424952,34.15,9.155000000000001,58.875,-10.0,-21.0,0.05137913295200893,3.713282993861607,-0.0025302559988839286,0.9015633719308036,34.50221,0.7081851448331561,0.02488114561353411,-0.616534856728145
0.427511,34.15,15.319375,58.75,-10.0,-21.0,-0.044224940708705356,2.702357700892857,-0.003076695033482143,0.9012342180524554,34.50385,0.7109542894363403,0.02324685505458287,-0.6132011423792157
0.427511,34.16,-2.9906249999999996,58.875,-10.0,-21.0,-0.009226422991071428,1.1762782505580358,-0.0018865094866071428,0.9018184116908482,34.503788,0.7108925655909947,0.022278849056788855,-0.6152114268711635
0.422394,34.16,-19.10375,59.0,-10.0,-21.0,0.03805951799665178,-0.3137730189732143,-0.0034821428571428573,0.9011993408203125,34.504364,0.7097417191096714,0.022794282776968818,-0.6147165717397417
0.426232,34.16,15.42125,58.5,-10.0,-21.0,-0.015602940150669643,-1.5072806222098214,-0.0022519356863839285,0.9007459368024554,34.502903,0.711054858480181,0.02027313777378627,-0.6140000026566642
0.427511,34.16,11.98375,58.875,-10.0,-21.0,-0.06437151227678571,-2.0156773158482144,-0.0015788922991071428,0.90240478515625,34.503292,0.7087474278041295,0.021416001319885254,-0.6145634266308376
0.426232,34.15,-20.020625000000003,59.0,-10.0,-21.0,0.05410975864955357,-2.1291678292410716,-0.0019566127232142857,0.9020647321428571,34.50152,0.7096651424680437,0.021514286994934084,-0.6168457153865269
0.427511,34.15,7.850624999999999,59.0,-10.0,-21.0,0.0298040771484375,-2.1491176060267856,-0.002051827566964286,0.9024788992745536,34.49994,0.7098639978681291,0.020632001331874303,-0.6144914276259286
0.42879,34.15,15.792499999999999,59.0,-10.0,-21.0,-0.052313232421875,-1.8404453822544642,-0.0035776192801339284,0.9019492013113839,34.50147,0.7105462864467076,0.020839997700282505,-0.6141394305229188
0.42879,34.15,-10.1125,58.875,-10.0,-21.0,-0.023528529575892857,-1.2868913922991072,-0.0028726632254464286,0.9022216796875,34.503017,0.709567997114999,0.0214171382359096,-0.6162868557657515
0.42879,34.15,-7.012499999999999,59.0,-10.0,-21.0,0.0444049072265625,-0.59832763671875,-0.0024300711495535716,0.9031895228794643,34.49934,0.7086057131631034,0.023197712217058453,-0.6174765682220459
0.42879,34.15,19.664375,58.75,-10.0,-21.0,0.0008333914620535715,0.4013671875,-0.0020021275111607143,0.9037846156529018,34.50301,0.7076697158813476,0.02399085317339216,-0.6166239983694894
0.430069,34.15,6.78125,58.875,-10.0,-21.0,-0.04140433175223214,1.6805419921875,-0.003146275111607143,0.9018075125558036,34.500652,0.706443430355617,0.025607998711722237,-0.6182445730481829
0.42879,34.15,-21.350625,58.75,-10.0,-21.0,0.038825160435267854,2.8209751674107144,-0.0021541050502232144,0.9015481131417411,34.501057,0.7045485707691738,0.02639542715890067,-0.6174765692438398
0.42879,34.15,9.765,58.875,-10.0,-21.0,0.03724522181919643,3.1594935825892856,-0.0019458879743303572,0.9030369349888393,34.503487,0.7068788576126098,0.024827428545270647,-0.6174822851589747
0.42879,34.15,16.888125000000002,58.875,-10.0,-21.0,-0.03367414202008929,2.5573817661830356,-0.0023654610770089284,0.9022848946707589,34.50299,0.7101302875791278,0.024186282839093888,-0.6150022874559675
0.42879,34.15,-2.1506250000000002,58.625,-10.0,-21.0,-0.01832676478794643,1.3681204659598214,-0.0019720458984375,0.9031263078962054,34.50338,0.7092582900183542,0.02276228700365339,-0.616787428515298
0.430069,34.15,-14.804375,59.0,-10.0,-21.0,0.03827898297991071,0.1419677734375,-0.0025582449776785712,0.9023045131138393,34.50192,0.7093782860892159,0.022164570263453892,-0.6161165727887835
0.42879,34.15,11.024375,59.0,-10.0,-21.0,-0.023599417550223215,-0.9221627371651786,-0.0024300711495535716,0.9016374860491071,34.503365,0.7103497164590018,0.020841142790658133,-0.615038857460022
0.427511,34.15,6.0475,58.875,-10.0,-21.0,-0.04663173130580357,-1.5156511579241072,-0.004053431919642857,0.9027426583426339,34.501614,0.7090902859824044,0.021705141067504884,-0.6152662856238229
0.42879,34.15,-15.600625,59.0,-10.0,-21.0,0.03894522530691964,-1.5978655133928572,-0.0022480119977678573,0.9012538364955357,34.50086,0.7095097119467599,0.021140572684151787,-0.6167005736487252
0.427511,34.15,-2.763125,59.0,-10.0,-21.0,0.02137520926339286,-1.4269496372767858,-0.002073800223214286,0.902557373046875,34.49799,0.7103440046310425,0.021319999013628278,-0.6144525711877006
0.427511,34.13,6.70125,59.0,-10.0,-21.0,-0.027730015345982142,-1.0260184151785714,-0.0035784040178571427,0.9020015171595982,34.49693,0.710069716998509,0.02363086155482701,-0.6136639986719404
0.42879,34.13,-5.673125,59.0,-10.0,-21.0,-0.02627171107700893,-0.08924211774553571,-0.0011054338727678572,0.9031633649553571,34.496773,0.7080845730645317,0.023941711017063685,-0.6165119985171726
0.42879,34.13,-19.149375,58.875,-10.0,-21.0,0.06081272670200893,1.0897652762276786,-0.002357875279017857,0.9004058837890625,34.493484,0.7082434340885707,0.025519999095371792,-0.6155851445879255
0.430069,34.13,9.100000000000001,59.0,-10.0,-21.0,0.0073375592912946425,2.0478428431919644,-0.0021841866629464285,0.902069091796875,34.492027,0.7081257207053048,0.024860564640590124,-0.6165051422800336
0.430069,34.16,4.469374999999999,58.875,-10.0,-21.0,-0.03563441685267857,2.75128173828125,-0.0034646170479910713,0.9019688197544643,34.494198,0.7066982909611293,0.027049148423331126,-0.615405717236655
0.430069,34.16,-16.258125,58.875,-10.0,-21.0,0.03658238002232143,3.12841796875,-0.002458583286830357,0.9016353062220982,34.49496,0.7078365693773542,0.02507199832371303,-0.616633141040802
0.430069,34.16,-1.1462499999999998,59.0,-10.0,-21.0,0.04203656877790179,2.4659511021205356,-0.0012649972098214286,0.9007677350725446,34.494884,0.7104045731680734,0.023556571687970842,-0.6139337161609105
0.430069,34.16,14.75125,59.0,-10.0,-21.0,-0.04763593401227679,0.9836687360491071,-0.0014015415736607143,0.9040985107421875,34.495964,0.711946291242327,0.022677711759294783,-0.6115531407083784
0.42879,34.15,1.1237499999999998,59.0,-10.0,-21.0,-0.006817278180803571,-0.43649727957589285,-0.0030952671595982145,0.9025922502790179,34.49405,0.7119817168372018,0.022026283400399343,-0.6126365733146667
0.427511,34.15,-12.295,59.0,-10.0,-21.0,0.04078281947544643,-1.5541120256696428,-0.0025030517578125,0.9014696393694196,34.493935,0.7115782880783081,0.021611429623195105,-0.6131199993406024
0.427511,34.15,15.0875,59.0,-10.0,-21.0,-0.010766863141741072,-2.2879464285714284,-0.003119594029017857,0.9036843436104911,34.49227,0.7127211448124476,0.02024686132158552,-0.611645713193076
0.427511,34.15,7.02375,58.625,-10.0,-21.0,-0.055928519112723216,-2.4414498465401784,-0.0032255336216517856,0.9039132254464286,34.491005,0.7108125754765102,0.021364573751177108,-0.6122537112236023
0.42879,34.13,-20.015,59.0,-10.0,-21.0,0.057811104910714284,-2.2117919921875,-0.0023764474051339284,0.9044669015066964,34.49077,0.7118137182508196,0.020731431416102817,-0.6136971402168274
0.431348,34.13,5.2212499999999995,59.0,-10.0,-21.0,0.027743617466517857,-1.9078805106026786,-0.0020180838448660716,0.9019099644252232,34.489357,0.7121760027749198,0.020587423869541713,-0.6138594283376422
0.430069,34.13,8.79625,58.625,-10.0,-21.0,-0.05237470354352679,-1.4054914202008928,-0.003106515066964286,0.9038609095982143,34.49025,0.7102525731495448,0.02225599493299212,-0.6146868528638567
0.42879,34.13,-12.013125,59.0,-10.0,-21.0,-0.001925746372767857,-0.5155988420758929,-0.002376185825892857,0.9049464634486607,34.487534,0.708112005506243,0.022633143152509416,-0.616438854762486
0.430069,34.15,-8.269375,59.0,-10.0,-21.0,0.04180324009486607,0.5586722237723214,-0.0016034807477678572,0.9037889753069196,34.486073,0.7067874281747001,0.024639996119907925,-0.618030856677464
0.42879,34.15,15.295000000000002,58.75,-10.0,-21.0,-0.0214434814453125,1.6407034737723214,-0.002088448660714286,0.9032810756138393,34.486538,0.7062194306509836,0.02565028258732387,-0.6179565726007734
0.430069,34.15,2.73,58.625,-10.0,-21.0,-0.025632149832589286,2.6396397181919644,-0.003108084542410714,0.9045497349330357,34.487473,0.7047874280384608,0.025323431832449776,-0.6193337168012346
0.42879,34.15,-19.000625,58.875,-10.0,-21.0,0.04705156598772321,2.8302176339285716,-0.002700282505580357,0.9046587262834821,34.48664,0.7069120032446725,0.024348573684692384,-0.6184777174677167
0.430069,34.15,12.983125000000001,58.875,-10.0,-21.0,-0.01686924525669643,1.9431849888392858,-0.0024468122209821428,0.9024810791015625,34.488007,0.7108445760181972,0.0221028539112636,-0.6138811411176409
0.42879,34.15,11.875625,58.875,-10.0,-21.0,-0.04282130650111607,0.5805838448660714,-0.0031198556082589284,0.9026663643973214,34.488354,0.710370283808027,0.02279542922973633,-0.612842286995479
0.427511,34.15,-9.02125,58.875,-10.0,-21.0,0.05505039760044643,-0.6121128627232143,-0.002981218610491071,0.9046609061104911,34.486954,0.7113942841121129,0.02086742741721017,-0.6139657129560198
0.427511,34.15,0.805625,58.875,-10.0,-21.0,0.013944527762276785,-1.5323311941964286,-0.0020591517857142857,0.9043862479073661,34.48672,0.7117931502205985,0.020161140305655342,-0.6129782846995763
0.430069,34.15,10.871250000000002,58.875,-10.0,-21.0,-0.08354082380022322,-2.09967041015625,-0.0023455810546875,0.903350830078125,34.48815,0.7113417141778129,0.02081028665815081,-0.6123874279430934
0.427511,34.15,-7.227500000000001,59.0,-10.0,-21.0,0.051705060686383926,-2.069187709263393,-0.0018114362444196428,0.9044886997767857,34.484566,0.7117805787495204,0.02043656757899693,-0.6134262844494411
0.427511,34.15,-9.103125,58.875,-10.0,-21.0,0.03167593819754464,-1.8076084681919642,-0.0025093296595982144,0.9032309395926339,34.48519,0.7123645734786987,0.0207451445715768,-0.6125748573030745
0.42879,34.15,7.575,58.875,-10.0,-21.0,-0.055862862723214286,-1.2881992885044642,-0.002690342494419643,0.9045344761439732,34.483746,0.7115942914145333,0.02207428455352783,-0.6126537128857203
0.427511,34.15,-3.61375,58.875,-10.0,-21.0,0.010070539202008929,-0.45846993582589285,-0.0024813406808035714,0.9050750732421875,34.482254,0.7088765777860369,0.022522281238010953,-0.6150262812205723
0.427511,34.15,-14.207500000000001,59.0,-10.0,-21.0,0.0446136474609375,0.42190987723214285,-0.0024886648995535716,0.9040810721261161,34.48031,0.7098411444255284,0.023339427539280484,-0.6134251420838492
0.42879,34.15,12.22625,59.0,-10.0,-21.0,-0.01247706821986607,0.9894583565848214,-0.002811453683035714,0.9047764369419643,34.47879,0.7119771473748343,0.022076569965907504,-0.612305144241878
0.42879,34.15,4.015000000000001,58.875,-10.0,-21.0,-0.03771763392857143,1.0027117047991072,-0.00260009765625,0.9030521937779018,34.479427,0.710561146736145,0.022358861650739397,-0.6120148600850787
0.427511,34.15,-18.575625,58.75,-10.0,-21.0,0.05746843610491072,0.4930507114955357,-0.0017057582310267857,0.9044189453125,34.478657,0.7114857115064348,0.021476572581699917,-0.6129519987106323
0.427511,34.15,13.223749999999999,58.75,-10.0,-21.0,0.01562831333705357,-0.21030099051339285,-0.0008912004743303572,0.9051949637276786,34.478416,0.7125177192687988,0.020515429633004324,-0.6123188546725682
0.427511,34.15,13.57625,59.0,-10.0,-21.0,-0.03523995535714286,-0.5174822126116071,-0.002530517578125,0.9042925153459821,34.478745,0.7127085740225656,0.020942858968462263,-0.6117622821671622
0.427511,34.15,-11.009375,58.875,-10.0,-21.0,-0.03070469447544643,-0.5205426897321429,-0.0024162074497767858,0.9039219447544643,34.47906,0.7112571457454137,0.020610284124101912,-0.6131737150464739
0.42879,34.13,-7.040000000000001,58.875,-10.0,-21.0,0.0524835205078125,-0.45637730189732145,-0.002398158482142857,0.9037737165178571,34.474525,0.7120422880990165,0.02081599712371826,-0.612105142729623
0.427511,34.13,13.850624999999999,58.875,-10.0,-21.0,0.0256878662109375,-0.43501499720982145,-0.0017295619419642858,0.9032244001116071,34.47429,0.7122114338193621,0.020227429526192803,-0.6121017129080636
0.421115,34.13,4.108750000000001,58.875,-10.0,-21.0,-0.05082223074776786,-0.24674769810267858,-0.002031424386160714,0.9048854282924107,34.47735,0.7121211412974766,0.020563427380153113,-0.6121451439176286
0.427511,34.13,-22.465,58.75,-10.0,-21.0,-0.025912824358258927,0.11195591517857142,-0.0016094970703125,0.9040810721261161,34.47048,0.7107634292330061,0.021061716760907855,-0.6151245703016008
0.42879,34.13,4.426875000000001,59.0,-10.0,-21.0,0.04273393903459821,0.4899989536830357,-0.001346348353794643,0.9039393833705357,34.470627,0.7094057171685355,0.022974859646388464,-0.615835428578513
0.427511,34.13,16.35,59.0,-10.0,-21.0,-0.001456996372767857,0.9950387137276786,-0.0029885428292410715,0.904754638671875,34.469772,0.7079908575330461,0.02349599633898054,-0.6163062875611441
0.427511,34.13,2.6925,59.0,-10.0,-21.0,-0.044738420758928574,1.7794102260044642,-0.0017682756696428571,0.9041573660714286,34.469833,0.707012575013297,0.024950857843671525,-0.6165977134023394
0.426232,34.13,-23.17625,59.0,-10.0,-21.0,0.04627467564174107,2.3534022739955356,-0.0027450125558035714,0.9043949672154018,34.470604,0.7066502891268049,0.024395430428641184,-0.6177634290286473
0.424952,34.15,6.63875,59.0,-10.0,-21.0,0.030961565290178572,2.180271693638393,-0.002054443359375,0.9044734409877232,34.468132,0.7091497148786272,0.022936003548758372,-0.6154377116475787
0.42879,34.15,15.385000000000002,59.0,-10.0,-21.0,-0.0350775146484375,1.3594185965401786,-0.002189156668526786,0.9032723563058036,34.467777,0.711877715247018,0.02280228751046317,-0.6126502847671509
0.427511,34.15,-2.4587499999999998,58.75,-10.0,-21.0,-0.02589111328125,0.35085623604910715,-0.0020711844308035714,0.9044036865234375,34.470226,0.711320002419608,0.02171085698263986,-0.6135828593799046
0.427511,34.15,-15.66375,59.0,-10.0,-21.0,0.04813868931361607,-0.41117640904017855,-0.0027345493861607143,0.9055459158761161,34.46612,0.7120160027912685,0.022059427670070103,-0.6116902869088309
0.427511,34.16,13.879375,59.0,-10.0,-21.0,0.014480242047991072,-0.8150896344866071,-0.0033963448660714285,0.9052211216517857,34.468723,0.7128091478347778,0.021054857798985072,-0.6109039946964809
0.42879,34.16,8.315625,58.75,-10.0,-21.0,-0.06003348214285714,-1.0281982421875,-0.0022833251953125,0.9053192138671875,34.469753,0.7123520006452287,0.021365715435573033,-0.6111942849840437
0.42879,34.16,-19.87625,58.875,-10.0,-21.0,0.0206488037109375,-1.0540509905133928,-0.0030228097098214286,0.9043317522321429,34.469265,0.7118674298695156,0.020881146022251672,-0.612564570903778
0.427511,34.16,-0.3031250000000001,59.0,-10.0,-21.0,0.03463021414620536,-1.0569981166294642,-0.0022529820033482142,0.904449462890625,34.468555,0.7120937183925083,0.02080228873661586,-0.6118868558747428
0.42879,34.13,12.951875000000001,58.875,-10.0,-21.0,-0.010234549386160714,-0.9588274274553571,-0.0026314871651785714,0.9040701729910714,34.46446,0.7135497229439872,0.020354290008544922,-0.6111371404784066
0.42879,34.13,-3.6062499999999997,58.75,-10.0,-21.0,-0.05771615164620536,-0.7237548828125,-0.002586757114955357,0.905426025390625,34.464615,0.7119188533510481,0.02128228187561035,-0.6119039964675903
0.426232,34.13,-24.677500000000002,58.75,-10.0,-21.0,0.06320905412946429,-0.4549647739955357,-0.0027716936383928572,0.9042685372488839,34.463383,0.7126308625085013,0.021578284672328404,-0.6118834291185652
0.424952,34.13,14.04375,58.875,-10.0,-21.0,0.028368268694196428,-0.058384486607142856,-0.00216064453125,0.9050249372209821,34.46168,0.7138514368874687,0.022044568061828612,-0.610349714074816
0.426232,34.11,15.324375,58.875,-10.0,-21.0,-0.04312447684151786,0.5529872349330357,-0.002889665876116071,0.9060320172991071,34.459984,0.7126925713675363,0.0235131413596017,-0.6104022867338998
0.426232,34.11,-14.5675,59.0,-10.0,-21.0,-0.015286952427455357,1.3058558872767858,-0.0029166085379464285,0.9043775285993304,34.459305,0.7099885763440813,0.024745143481663297,-0.6144548555782863
0.426232,34.11,-6.765624999999999,58.875,-10.0,-21.0,0.05283168247767857,1.9611903599330358,-0.0026942661830357145,0.9066598074776786,34.460968,0.7080114344188145,0.02633028370993478,-0.6145291423797608
0.426232,34.11,18.66,59.0,-10.0,-21.0,0.013540126255580357,2.2016078404017856,-0.0026992361886160714,0.9054805210658482,34.45947,0.7106285735539027,0.024965709277561733,-0.6127931458609445
0.426232,34.15,7.9825,58.75,-10.0,-21.0,-0.07316162109375,1.9543805803571428,-0.0027316720145089284,0.9049181256975446,34.463,0.7121954345703125,0.023592000007629396,-0.6111234297071184
0.426232,34.15,-19.851875,58.75,-10.0,-21.0,0.05356776646205357,1.0227486746651786,-0.0013683210100446429,0.9061431884765625,34.462254,0.7133257143838065,0.023176001140049526,-0.6110582842145648
0.426232,34.15,9.1975,59.0,-10.0,-21.0,0.029932774135044644,-0.23687744140625,-0.0018935721261160714,0.9054129464285714,34.462677,0.7120720018659319,0.02177143028804234,-0.6112034279959543
0.426232,34.15,18.001875,58.875,-10.0,-21.0,-0.04276820591517857,-1.2007271902901786,-0.002025146484375,0.9056592668805804,34.46358,0.7125131484440395,0.022275429453168596,-0.6104994290215628
0.424952,34.13,-3.3125,58.875,-10.0,-21.0,-0.03089146205357143,-1.7142682756696428,-0.0025789097377232144,0.9044429234095982,34.46197,0.711998860495431,0.021462857382638114,-0.6133234293120248
0.426232,34.13,-16.865625,59.0,-10.0,-21.0,0.04554879324776786,-1.8122732979910714,-0.0021488734654017856,0.905029296875,34.46056,0.7121977152143206,0.022263995579310827,-0.6131291423525129
0.424952,34.13,12.9275,59.0,-10.0,-21.0,0.011605747767857142,-1.5057460239955358,-0.003324410574776786,0.9060232979910714,34.46066,0.7103748600823538,0.022745145389011928,-0.613402282169887
0.426232,34.13,6.891249999999999,58.875,-10.0,-21.0,-0.08252851213727679,-0.5737566266741071,-0.0028946358816964285,0.9059491838727679,34.460564,0.7084114333561489,0.024387430463518416,-0.6145245712144034
0.426232,34.13,-23.853125,59.0,-10.0,-21.0,0.059592459542410714,0.8566196986607143,-0.0016445486886160715,0.9056047712053571,34.461826,0.7078137193407331,0.026519999504089356,-0.6175748596872602
0.426232,34.13,3.568125,59.0,-10.0,-21.0,0.02303885323660714,2.203395298549107,-0.0020779854910714284,0.9052363804408482,34.461163,0.7059325749533517,0.026766856057303293,-0.6184159983907427
0.426232,34.13,13.830625000000001,59.0,-10.0,-21.0,-0.045118495396205355,3.108128138950893,-0.0026594761439732145,0.9058467320033482,34.46127,0.7038148600714548,0.028803432328360423,-0.6174251396315439
0.426232,34.13,-4.8100000000000005,59.0,-10.0,-20.875,0.03483529227120536,3.453883579799107,-0.0029592459542410712,0.9050140380859375,34.464046,0.7083131429127284,0.024863995824541366,-0.6160491425650461
0.424952,34.13,-11.980625,59.0,-10.0,-21.0,0.03886282784598214,2.5282679966517856,-0.0024201311383928573,0.9045322963169643,34.465412,0.7126114307131086,0.024042282104492187,-0.6120274305343628
0.426232,34.13,14.693124999999998,58.875,-10.0,-21.0,-0.04538347516741072,0.6047014508928571,-0.0025893729073660715,0.9064113071986607,34.464863,0.713289144379752,0.023036569186619348,-0.6093531417846679
0.426232,34.13,5.401875,59.0,-10.0,-21.0,0.004914027622767857,-1.1808994838169642,-0.0026320103236607143,0.9074990408761161,34.468292,0.7115177174976893,0.021789712905883787,-0.6131839987209865
0.426232,34.13,-15.274375000000001,59.0,-10.0,-21.0,0.037472011021205356,-2.4411446707589284,-0.0013152204241071428,0.9060123988560268,34.461998,0.7109222888946534,0.021909715788705007,-0.6137531413350786
0.423673,34.15,13.539375,58.875,-10.0,-21.0,-0.050893118722098216,-3.2854788643973216,-0.0023971121651785716,0.9057791573660714,34.46243,0.712332569531032,0.022094860758100236,-0.6132788586616517
0.426232,34.15,3.983125,59.0,-10.0,-20.875,-0.03440865652901786,-3.4446934291294644,-0.0029231480189732145,0.9042641775948661,34.464664,0.7091200011117118,0.023097141129629954,-0.6165931401933943
0.424952,34.15,-23.168750000000003,58.875,-10.0,-21.0,0.04623491559709821,-2.5649239676339284,-0.002915823800223214,0.9075121198381696,34.46243,0.7070285742623466,0.025588569641113282,-0.6180045717103141
0.424952,34.15,8.115,59.0,-10.0,-21.0,-0.0158953857421875,-0.7924543108258929,-0.00213134765625,0.9063829694475446,34.460938,0.7062914344242641,0.025746283531188966,-0.6174708563940866
0.424952,34.13,7.239375,58.875,-10.0,-21.0,-0.02289053780691964,1.1724591936383928,-0.0024659075055803573,0.9068385532924107,34.463024,0.7053257138388498,0.027475430624825613,-0.6190308601515634
0.426232,34.13,-21.928125,59.0,-10.0,-21.0,0.049578683035714284,2.646205357142857,-0.003077479771205357,0.9078325544084821,34.459732,0.7017542825426374,0.029955432755606515,-0.6218937155178615
0.426232,34.13,6.295624999999999,58.875,-10.0,-21.0,0.011594499860491072,3.6585257393973216,-0.002643519810267857,0.9076952253069196,34.4603,0.7062594318389892,0.028277713230678014,-0.6183897113800049
0.423673,34.13,14.95125,59.0,-10.0,-21.0,-0.03852983747209821,3.954563685825893,-0.002200927734375,0.9082815987723214,34.457886,0.7081234312057495,0.026747423580714635,-0.6146240012986319
0.424952,34.13,-7.442500000000001,59.0,-10.0,-21.0,0.04179800851004464,2.9133998325892856,-0.0026866803850446428,0.9085409981863839,34.45954,0.7140674270902361,0.02497828756059919,-0.6120571402141026
0.424952,34.13,-7.119999999999999,59.0,-10.0,-21.0,0.0010206821986607144,0.7971278599330357,-0.0019566127232142857,0.9067186628069196,34.46166,0.7153017125810895,0.022654858316693987,-0.6071691421100072
0.424952,34.13,13.32875,58.875,-10.0,-21.0,-0.042021135602678575,-1.3144792829241072,-0.0028839111328125,0.9091251918247768,34.46007,0.7150857135227748,0.02264685903276716,-0.6073897130148751
0.423673,34.13,0.28312499999999985,59.0,-10.0,-21.0,0.03949558803013393,-2.802394321986607,-0.002258736746651786,0.9063284737723214,34.46304,0.7157234239578247,0.022018286160060338,-0.6078388585363116
0.422394,34.15,-6.557500000000001,59.0,-10.0,-20.875,0.03292864118303571,-3.71990966796875,-0.0025362723214285713,0.9068777901785714,34.463665,0.7147051497868129,0.021103999955313545,-0.6086537098884582
0.423673,34.15,15.495,58.875,-10.0,-21.0,-0.05258841378348214,-4.045985630580357,-0.0022723388671875,0.9089900425502232,34.459538,0.7147394234793527,0.021465143476213727,-0.6086171429497855
0.424952,34.15,-1.5131249999999998,59.0,-10.0,-21.0,-0.028911045619419644,-3.7800380161830356,-0.002300327845982143,0.9067448207310268,34.460163,0.7138925722667149,0.02130056721823556,-0.6120617137636457
0.424952,34.15,-17.793125,59.0,-10.0,-21.0,0.039954398018973214,-2.99041748046875,-0.0026385498046875,0.9076429094587054,34.460526,0.7112102849142892,0.023254857744489398,-0.6132228517532349
0.427511,34.11,15.373125000000002,59.0,-10.0,-21.0,0.010976649693080357,-1.6805158342633928,-0.0024277169363839286,0.9068123953683036,34.456852,0.7084194319588798,0.024379427092415945,-0.6153737139701844
0.421115,34.11,6.195625,58.875,-10.0,-21.0,-0.04198843819754464,0.06101771763392857,-0.0027730015345982144,0.9054914202008929,34.457962,0.7064297151565552,0.026001145499093194,-0.6173931411334447
0.42879,34.11,-27.0175,59.0,-10.0,-21.0,0.053565150669642854,1.8292585100446428,-0.0025441196986607144,0.9067208426339286,34.456608,0.7043131514957973,0.027825143677847726,-0.6193097117968968
0.42879,34.11,11.174375,59.0,-10.0,-21.0,0.03963082449776786,2.794032505580357,-0.002134486607142857,0.9077104840959821,34.45707,0.7066331420625959,0.02536228452410017,-0.6172125727789742
0.430069,34.11,19.651249999999997,58.875,-10.0,-21.0,-0.04973092215401786,2.649684361049107,-0.0023678152901785714,0.9058685302734375,34.45937,0.7132548611504691,0.023793140138898577,-0.61078971522195
0.42879,34.11,-4.286875,58.875,-10.0,-21.0,-0.004755772181919643,1.4510062081473214,-0.002377493722098214,0.9061540876116071,34.46055,0.7152971403939383,0.022243426867893764,-0.6102639988490514
0.427511,34.11,-15.255624999999998,59.0,-10.0,-21.0,0.0300677490234375,-0.010323660714285714,-0.00207275390625,0.9066096714564732,34.45813,0.7141474321910313,0.022730279650006974,-0.6094022836003985
0.426232,34.11,16.368125,58.875,-10.0,-21.0,-0.011167864118303571,-1.2621983119419642,-0.002225254603794643,0.906829833984375,34.45947,0.7156251341956003,0.021817148753574916,-0.6069051436015538
0.42879,34.13,10.37125,59.0,-10.0,-21.0,-0.06348031180245536,-1.9781494140625,-0.0030063302176339284,0.9062412806919643,34.460003,0.714377145086016,0.02122285979134696,-0.607260570866721
0.427511,34.13,-18.538125,59.0,-10.0,-21.0,0.054144548688616075,-2.1927315848214284,-0.002615530831473214,0.9081660679408482,34.45865,0.7155599968773978,0.02166628156389509,-0.6098617165429252
